lat,lon,period
-22.90131509256442,-43.196705740399246,Before
-22.92551971391233,-43.18165149435258,Before
-22.893291878475484,-43.165335919229456,Before
-22.88986983510496,-43.174743140718995,Before
-22.94191863339577,-43.1846101451673,Before
-22.930239231123522,-43.185035824311036,Before
-22.90449887274299,-43.185722067159425,Before
-22.912492366662185,-43.18873117331586,Before
-22.907102420835077,-43.13183060820903,Before
-22.922154790696325,-43.16754480071866,Before
-22.89097083645247,-43.15693833702071,Before
-22.89279974516228,-43.18170339442614,Before
-22.9056114474439,-43.176247220189346,Before
-22.886509658274576,-43.185743971664664,Before
-22.898384831839465,-43.22063075002855,Before
-22.9222672643319,-43.19770416698326,Before
-22.900162485886515,-43.205491136239644,Before
-22.924059886814923,-43.213396108003124,Before
-22.89098789457647,-43.194416461537365,Before
-22.907698666397753,-43.14905079777113,Before
-22.910127522543814,-43.173699851018675,Before
-22.919056731799273,-43.149669852278215,Before
-22.884794255903866,-43.16550231361578,Before
-22.90958153067724,-43.158813941137126,Before
-22.914509900798937,-43.18911614591548,Before
-22.91313840390879,-43.16346888282453,Before
-22.89721843466004,-43.15978314378666,Before
-22.900222006841446,-43.18327965126021,Before
-22.899370812991272,-43.162828273328905,Before
-22.89904522194586,-43.162708620345654,Before
-22.868250343184332,-43.18279194718034,Before
-22.914115470294924,-43.19310983178087,Before
-22.916020369123288,-43.194214309974164,Before
-22.921447909108462,-43.17134290024541,Before
-22.895712370393642,-43.16701382236179,Before
-22.886478498731023,-43.187165464948244,Before
-22.90885105423779,-43.17242146385613,Before
-22.921922816585326,-43.162630333349504,Before
-22.921640661882442,-43.161772567136026,Before
-22.895089329819157,-43.14496615783779,Before
-22.893421424918337,-43.149914345020434,Before
-22.897023223170507,-43.19092324578962,Before
-22.918779174731196,-43.14259544822831,Before
-22.9026210961848,-43.182457577082005,Before
-22.90469965543547,-43.15409228937582,Before
-22.90286360525888,-43.17167624073108,Before
-22.891114281996934,-43.18031868881222,Before
-22.902775280122057,-43.20543854347595,Before
-22.894579555864706,-43.175988161183895,Before
-22.9055835767492,-43.2009688982355,Before
-22.90159585082358,-43.15548861375483,Before
-22.895436811934907,-43.145597732171495,Before
-22.933028804757402,-43.18724439780734,Before
-22.91255408189443,-43.16746452663465,Before
-22.91526670777727,-43.185957047396144,Before
-22.91829980126838,-43.18421272514246,Before
-22.911752560522082,-43.158959095330424,Before
-22.87989105639778,-43.17359368871318,Before
-22.92238496008248,-43.14158633524524,Before
-22.889370989617355,-43.18158018461665,Before
-22.937091655889084,-43.15491194601546,Before
-22.912827930539745,-43.17114655856676,Before
-22.90387044482811,-43.158575995824606,Before
-22.896247998035534,-43.180948837831934,Before
-22.89399792156373,-43.17379205907593,Before
-22.8925197497664,-43.17497897982738,Before
-22.913077051300473,-43.18794902806722,Before
-22.915122332267963,-43.160982532377524,Before
-22.89135643413737,-43.161195517899586,Before
-22.91024347784787,-43.1622160154917,Before
-22.929762353820085,-43.14523461822948,Before
-22.927199169852063,-43.14681179357775,Before
-22.92335014114803,-43.179649004417286,Before
-22.897851106607032,-43.166185058268184,Before
-22.90423633675073,-43.184124812406644,Before
-22.89437126362678,-43.172479604309935,Before
-22.91449054763406,-43.18369549008414,Before
-22.903946285560618,-43.14373873443555,Before
-22.895539372908587,-43.16635343329383,Before
-22.912368237714965,-43.17682452430588,Before
-22.898578045723966,-43.151414865706585,Before
-22.9187146669392,-43.21197107737632,Before
-22.91333496923817,-43.20915384670757,Before
-22.913671282091972,-43.15857490420604,Before
-22.928325113620602,-43.17181156793389,Before
-22.89803449534586,-43.1683919665953,Before
-22.91524924212365,-43.19677512985973,Before
-22.906575105862903,-43.17331820679531,Before
-22.898146560139693,-43.13683683061277,Before
-22.89876243883146,-43.15806440684367,Before
-22.89482306803849,-43.16984528218743,Before
-22.90857273872117,-43.18080297038189,Before
-22.914419369616795,-43.180002311333645,Before
-22.908234927796315,-43.2112255620056,Before
-22.937172019811246,-43.168262472423415,Before
-22.932848024503617,-43.15768130404732,Before
-22.93060859302238,-43.20126114788907,Before
-22.924750442896826,-43.18480550406152,Before
-22.89960406391898,-43.1937343633802,Before
-22.92309862299648,-43.19027632150656,Before
-22.913606925972708,-43.171937330717206,Before
-22.88341389063985,-43.21041923878979,Before
-22.913212751479104,-43.161843132109574,Before
-22.893524719767594,-43.15933060874119,Before
-22.92360511824018,-43.17741984658466,Before
-22.910497876041617,-43.21755275317972,Before
-22.92390039698839,-43.19083553526804,Before
-22.912902595366212,-43.15070776518615,Before
-22.891674453525766,-43.222903897053115,Before
-22.93789176761746,-43.17915542141948,Before
-22.898980374416176,-43.19414001401241,Before
-22.90252075915802,-43.15841773457147,Before
-22.917494699202543,-43.185052051138584,Before
-22.932829041378994,-43.165628827626755,Before
-22.905501668861152,-43.16272171245495,Before
-22.91633086876315,-43.139847934884855,Before
-22.902611828195617,-43.17655295498616,Before
-22.90640666138058,-43.16613120134679,Before
-22.877967979956225,-43.19963099862429,Before
-22.911108401294516,-43.151472555860714,Before
-22.925222954867195,-43.18658915926528,Before
-22.903573038570787,-43.18299357495358,Before
-22.902840059688508,-43.17330046030728,Before
-22.882334623645672,-43.20103191821612,Before
-22.891767997573538,-43.168782139479276,Before
-22.900376320935308,-43.15548560708735,Before
-22.880460547958048,-43.16762719117705,Before
-22.92819773497781,-43.20150015615521,Before
-22.918315527589495,-43.17512856729793,Before
-22.9234783669453,-43.15954347974637,Before
-22.913816576456803,-43.206703797787384,Before
-22.931580350656013,-43.19224578824872,Before
-22.89536728295734,-43.157122215126535,Before
-22.910800008547778,-43.16803828218445,Before
-22.933274513301047,-43.16548451152172,Before
-22.925080423461736,-43.13942909346278,Before
-22.901156750745898,-43.164466049986885,Before
-22.8917137217779,-43.1610580158122,Before
-22.87085884394955,-43.124106580510066,Before
-22.85435047561187,-43.176748482045625,Before
-22.89934063020103,-43.18726188974513,Before
-22.924611686160574,-43.16519966483155,Before
-22.945176833053164,-43.164998161471,Before
-22.901981193677813,-43.18238087705503,Before
-22.921432939715586,-43.191483146351985,Before
-22.914276430683234,-43.13132280040238,Before
-22.917817742383075,-43.16701681753302,Before
-22.909334235955495,-43.18608113686523,Before
-22.887612355845825,-43.15641325455896,Before
-22.903973125785985,-43.1748646127281,Before
-22.909655427066696,-43.17745186603372,Before
-22.925441767550865,-43.16277908830554,Before
-22.93694429300468,-43.19615388082817,Before
-22.91555354236332,-43.16655271032949,Before
-22.90776808591473,-43.13846681346083,Before
-22.874977261555564,-43.16450880208045,Before
-22.90445505861349,-43.1796718178681,Before
-22.889110688801587,-43.18202789504771,Before
-22.915787320773706,-43.18028611952021,Before
-22.928128987795507,-43.17747132820486,Before
-22.924172101720185,-43.179700517589644,Before
-22.919854069161644,-43.15640639406065,Before
-22.86848754481617,-43.20409776385776,Before
-22.92158496022604,-43.15738399909258,Before
-22.891707194332746,-43.17973435745257,Before
-22.923052689205566,-43.16611493985748,Before
-22.890031685768264,-43.193185782383615,Before
-22.899870882610095,-43.14898464079671,Before
-22.909619482157847,-43.150478570716906,Before
-22.907533725470437,-43.1556273705365,Before
-22.918586178517728,-43.200165585964285,Before
-22.898770700373323,-43.15797582072081,Before
-22.914989702646135,-43.165612608422556,Before
-22.92886090374781,-43.20179488244838,Before
-22.929802876337753,-43.17333735290787,Before
-22.903693417481,-43.1663383791974,Before
-22.878376357384614,-43.16289064507118,Before
-22.903920150955678,-43.16970929539492,Before
-22.90893548986998,-43.167657834496744,Before
-22.901655129487153,-43.14637499493944,Before
-22.883291968649278,-43.15083138962161,Before
-22.90285111497545,-43.22450698916809,Before
-22.91419669015501,-43.17861389398708,Before
-22.88688680321892,-43.17586371849579,Before
-22.899082384107693,-43.204437774309085,Before
-22.879156392144072,-43.17120470495182,Before
-22.903501780130007,-43.15042236009661,Before
-22.92884044257097,-43.19245822147263,Before
-22.931426865586424,-43.16684478310358,Before
-22.877083297219837,-43.189384822591336,Before
-22.8757740170259,-43.184994416426235,Before
-22.910031345839087,-43.14630691458494,Before
-22.913697371780447,-43.18266604076201,Before
-22.880494002739642,-43.164580175197806,Before
-22.926726822276784,-43.20658192608909,Before
-22.922905086341206,-43.13937828389489,Before
-22.895220117695597,-43.16205225596648,Before
-22.913902892211475,-43.1761849971677,Before
-22.90689219360096,-43.16254016282,Before
-22.909741972173443,-43.19827674972106,Before
-22.90072365812162,-43.15161444664845,Before
-22.881465326496354,-43.17873172595893,Before
-22.90516947167577,-43.176573251270874,Before
-22.89520910172102,-43.18174980106938,Before
-22.94370309781856,-43.183351725249416,Before
-22.907676931234743,-43.16039592899069,Before
-22.92197814486527,-43.16829367669812,Before
-22.928738635087626,-43.16116853345474,Before
-22.922606742604717,-43.17305830441074,Before
-22.912814221932614,-43.16366240340061,Before
-22.890313754237592,-43.18043927739065,Before
-22.930675068919314,-43.132764826854626,Before
-22.906248633133302,-43.201122747495745,Before
-22.915515049800003,-43.15020312817587,Before
-22.912698115698515,-43.14827766588702,Before
-22.888750359144517,-43.18823885850738,Before
-22.89711392213393,-43.13277307500999,Before
-22.88272683406603,-43.154981174906986,Before
-22.9095811022265,-43.15541949787718,Before
-22.919326967010072,-43.172395600633536,Before
-22.910829458703848,-43.176810070847935,Before
-22.902435057757117,-43.17666935888671,Before
-22.903621679547832,-43.165870449266244,Before
-22.926318985300203,-43.14767864704939,Before
-22.905171183930698,-43.16963634407849,Before
-22.9026918900575,-43.18930598521647,Before
-22.86148546732439,-43.15806031287707,Before
-22.87301679699693,-43.156319286564894,Before
-22.92215838031006,-43.16111612848794,Before
-22.911972900507887,-43.15948101968255,Before
-22.933141956033065,-43.17777670634284,Before
-22.91743272625134,-43.18962180500835,Before
-22.901119109935376,-43.188527481751535,Before
-22.88509463482401,-43.20233833847224,Before
-22.919923509079386,-43.16863492499217,Before
-22.91857463592122,-43.174402078098076,Before
-22.945451202535295,-43.18081977868153,Before
-22.90972798656981,-43.22610113883821,Before
-22.92592345941347,-43.195351714454496,Before
-22.91632990969259,-43.15272486827474,Before
-22.922583494007018,-43.18486326800114,Before
-22.908496725976548,-43.16640934980217,Before
-22.93843911104442,-43.19793233773955,Before
-22.933206814417037,-43.14700330131753,Before
-22.86847355198349,-43.17549249788098,Before
-22.929973606462934,-43.167679272863296,Before
-22.926542140412185,-43.13103596374613,Before
-22.873735556490217,-43.145604078189386,Before
-22.854508790953673,-43.17841818118317,Before
-22.927888199318858,-43.183577963327664,Before
-22.913428481222184,-43.17875981020735,Before
-22.90065200008307,-43.16372183152742,Before
-22.8756834424007,-43.174794034416514,Before
-22.92456342741171,-43.18001439461006,Before
-22.91121500122696,-43.146490737487234,Before
-22.89280792363089,-43.174955778052,Before
-22.898974210659603,-43.131507396325325,Before
-22.91357080928214,-43.17126663385246,Before
-22.90920881336129,-43.14076426890395,Before
-22.93154812455066,-43.166468250391205,Before
-22.911087127391543,-43.15556670968151,Before
-22.91159497482016,-43.18594299892732,Before
-22.90262094198673,-43.188267666006574,Before
-22.916795889938744,-43.16462529280973,Before
-22.89831230659419,-43.15510604163562,Before
-22.888571115279245,-43.17217538296399,Before
-22.90400227210197,-43.196055080031506,Before
-22.900468384648814,-43.19738465059321,Before
-22.9058432037436,-43.19858845523935,Before
-22.906798480924355,-43.20471719803291,Before
-22.91978804460377,-43.17092926352995,Before
-22.90110310328988,-43.152649209409255,Before
-22.908551158771445,-43.173141484164645,Before
-22.86912297043925,-43.21358746563208,Before
-22.878479611755445,-43.17633368828602,Before
-22.899854762053984,-43.175830381939384,Before
-22.920535029774506,-43.135172022495944,Before
-22.926823406495703,-43.19912848243255,Before
-22.8853594268444,-43.179932196846785,Before
-22.90207051394735,-43.142194651750195,Before
-22.89815741873895,-43.16480038985576,Before
-22.938202547765535,-43.1627603646767,Before
-22.890106107331953,-43.17083748013357,Before
-22.898620433912143,-43.16696101630417,Before
-22.926787752319463,-43.158903028454986,Before
-22.915287446534098,-43.187470753740065,Before
-22.902053090321584,-43.15709494557965,Before
-22.90585559762959,-43.19761405430394,Before
-22.912059081344463,-43.16698937648903,Before
-22.908662788825186,-43.16968266266085,Before
-22.911335592807724,-43.183993275587454,Before
-22.904053874782157,-43.17330833495586,Before
-22.880313144486124,-43.18410572274798,Before
-22.952999851936763,-43.19219062388351,Before
-22.911063304761175,-43.17926506534904,Before
-22.903622776415297,-43.19277179543669,Before
-22.901472108185633,-43.16708964564632,Before
-22.913494462463785,-43.19360153889474,Before
-22.938420992084616,-43.16008441358616,Before
-22.900896081293148,-43.19416662322272,Before
-22.875707696145046,-43.18309330848046,Before
-22.934409505288492,-43.18414286134787,Before
-22.891251095753432,-43.14904735888025,Before
-22.912713454016213,-43.1669547809789,Before
-22.907903838224918,-43.176711208445795,Before
-22.92575217319267,-43.163923050060745,Before
-22.912820211102407,-43.21082946225193,Before
-22.883399197295418,-43.17367640461354,Before
-22.89631220564422,-43.136944744799514,Before
-22.87561839110262,-43.17051776288475,Before
-22.885606585998403,-43.17167756295495,Before
-22.898896439779268,-43.16303368916644,Before
-22.87540917852898,-43.15677910562034,Before
-22.89889812314271,-43.20885440047201,Before
-22.891896212817652,-43.20318187667224,Before
-22.912138277163624,-43.16911475676045,Before
-22.905602175314534,-43.185767778114155,Before
-22.919353628819405,-43.14928354528004,Before
-22.888987489177293,-43.178573139017935,Before
-22.928009465216068,-43.207721553242834,Before
-22.89271769383648,-43.19572425050319,Before
-22.910231719035092,-43.22239416835335,Before
-22.88571755231759,-43.17711425967109,Before
-22.893284358202838,-43.17629091429076,Before
-22.874028369162357,-43.180540328776075,Before
-22.893646055559504,-43.15348017729746,Before
-22.93509672460176,-43.1513266429427,Before
-22.908005157112168,-43.175966991620406,Before
-22.927896129466706,-43.21132448601458,Before
-22.916129037162595,-43.161788931551136,Before
-22.87959788820102,-43.162903515886846,Before
-22.895324391403843,-43.16733095173717,Before
-22.919380747714417,-43.155233364512455,Before
-22.925046912595928,-43.1938669057363,Before
-22.906209922328227,-43.136742403048665,Before
-22.92869808268886,-43.19016969955655,Before
-22.91888052499314,-43.15941398731038,Before
-22.901183829512078,-43.20327225849944,Before
-22.88600438335008,-43.18964476437086,Before
-22.89584229349996,-43.14560536435894,Before
-22.948043211154765,-43.177596196814015,Before
-22.901321398877457,-43.157781393107605,Before
-22.905503395681816,-43.16863480300305,Before
-22.89934997486329,-43.174789246808004,Before
-22.877708225730277,-43.14835069415121,Before
-22.943938288982487,-43.17715985884373,Before
-22.917439861653442,-43.20495328593614,Before
-22.89616368618972,-43.18735832165513,Before
-22.93526869919017,-43.162978548883366,Before
-22.880232917135036,-43.165780836085474,Before
-22.90016958097139,-43.201107048504234,Before
-22.89156148825482,-43.18593816534935,Before
-22.917076985907393,-43.18337098428564,Before
-22.89215225358061,-43.179478452694056,Before
-22.8875675119922,-43.19766644459482,Before
-22.90260819563753,-43.18421067994615,Before
-22.902580783931423,-43.18601498873467,Before
-22.90193382169293,-43.15901240132428,Before
-22.92234021476531,-43.15833581640217,Before
-22.90945551624433,-43.175524588245594,Before
-22.909545405584144,-43.17995671632567,Before
-22.89989891044164,-43.170381362383296,Before
-22.888803163555615,-43.1875983519342,Before
-22.925853649475613,-43.19354297747901,Before
-22.909050162545753,-43.18982398176066,Before
-22.88013380014214,-43.18432663695148,Before
-22.920184588118627,-43.19384252839626,Before
-22.921600500311225,-43.169982927936864,Before
-22.90315848854704,-43.15976511787189,Before
-22.891601066571265,-43.201467769414364,Before
-22.90659433099991,-43.17244768319811,Before
-22.882878709372136,-43.17685884431479,Before
-22.891377708313804,-43.16675284366033,Before
-22.89164723879598,-43.173132897825866,Before
-22.89682590297617,-43.199064787038765,Before
-22.86490224419377,-43.195623007379425,Before
-22.91049291039959,-43.17237037563947,Before
-22.9428634012572,-43.15438194344458,Before
-22.877923421492692,-43.21275537267877,Before
-22.915038589757224,-43.16667692156357,Before
-22.904858152001825,-43.151486803904824,Before
-22.88322808767251,-43.17565446577171,Before
-22.935640671739062,-43.16299635507152,Before
-22.929329649853912,-43.18555524345616,Before
-22.93562300286814,-43.17504859158698,Before
-22.92109445322046,-43.202076443329545,Before
-22.898886541091695,-43.21509817955154,Before
-22.89736461882937,-43.155930215577946,Before
-22.901827064772085,-43.19062990869904,Before
-22.932229785910064,-43.18109950121006,Before
-22.94838186185939,-43.19785596055886,Before
-22.905821635462974,-43.198279454655506,Before
-22.91529196860549,-43.1760290786017,Before
-22.8985310561091,-43.18603238949444,Before
-22.894164834728016,-43.16609652203609,Before
-22.904311654222944,-43.16475430845836,Before
-22.893117604463235,-43.16712470636615,Before
-22.90267419526593,-43.16860518576328,Before
-22.897258835299173,-43.144500172311226,Before
-22.91948411873166,-43.192116687842805,Before
-22.910033005448966,-43.173888827591654,Before
-22.903258030260176,-43.15251158323065,Before
-22.892030487442486,-43.150138283431914,Before
-22.913887341100043,-43.1984917456882,Before
-22.897418989396822,-43.178522397949806,Before
-22.911585098254477,-43.14845382027439,Before
-22.908915759011908,-43.16375457610641,Before
-22.891868657243567,-43.16938526543336,Before
-22.942675086678975,-43.17681832448182,Before
-22.930136501905345,-43.17980841666274,Before
-22.933479337153972,-43.167712056864374,Before
-22.94880509015727,-43.177442734249716,Before
-22.919008759922793,-43.1736664151788,Before
-22.8933101898049,-43.17148522328993,Before
-22.911927913194887,-43.18510528751288,Before
-22.903239778525048,-43.16332167127013,Before
-22.887194085059207,-43.12044359632852,Before
-22.882901649619182,-43.20488575950787,Before
-22.908044482825073,-43.16706777456458,Before
-22.88243545398775,-43.18658342159514,Before
-22.905141720148187,-43.16250675360465,Before
-22.921873168028895,-43.1720619654801,Before
-22.917499206339578,-43.15918661406723,Before
-22.93344965722617,-43.15174088162284,Before
-22.922786409367205,-43.16943641988017,Before
-22.91324430038534,-43.15252305880854,Before
-22.892335469651186,-43.215097362088194,Before
-22.875826143039014,-43.14427185863751,Before
-22.931679267276788,-43.16614888126593,Before
-22.89972910557132,-43.153498819596585,Before
-22.925529790904836,-43.19485776340714,Before
-22.898255452407664,-43.187853857868895,Before
-22.90915955971238,-43.170273110705395,Before
-22.939756304865256,-43.17320668200807,Before
-22.890090654151766,-43.167804765415816,Before
-22.91769001283056,-43.15337872710326,Before
-22.916410204290724,-43.20467396567545,Before
-22.926055543403216,-43.15537125670909,Before
-22.918577098980375,-43.172750925620754,Before
-22.89909797206749,-43.17656807350024,Before
-22.910206398136857,-43.19938007421893,Before
-22.900884083958914,-43.16384512396922,Before
-22.90028540662928,-43.21635394131856,Before
-22.883028090200494,-43.1612289077977,Before
-22.91297015071556,-43.19975790503851,Before
-22.933383440703224,-43.171937757572884,Before
-22.887589996501706,-43.175045039071904,Before
-22.912766787097752,-43.15184831334871,Before
-22.88673733599761,-43.17611579304225,Before
-22.899899211962715,-43.18539449410062,Before
-22.90916047554366,-43.18201884852748,Before
-22.900522033907166,-43.14998811016241,Before
-22.87168177391773,-43.16324665455474,Before
-22.869414350477033,-43.17984133966741,Before
-22.90555113956761,-43.177156035559356,Before
-22.903916569320295,-43.201109187630536,Before
-22.887427677165604,-43.165907464384674,Before
-22.92202189858981,-43.20457668273852,Before
-22.900804733292873,-43.15936766361496,Before
-22.90726553126317,-43.170584811335154,Before
-22.901149652193766,-43.129934867607666,Before
-22.92180063850709,-43.192702439967036,Before
-22.935412214879562,-43.17474791763873,Before
-22.944113701847844,-43.140530821383386,Before
-22.926912914033814,-43.151454986474754,Before
-22.91505615512891,-43.185431816928435,Before
-22.91207744855968,-43.16886858628928,Before
-22.87192983907627,-43.17286401158453,Before
-22.88689211934167,-43.1678247943869,Before
-22.92411764009415,-43.185476247847724,Before
-22.900541247855884,-43.17450776724861,Before
-22.914127408254306,-43.20166494275498,Before
-22.91191854908472,-43.17046777786637,Before
-22.903464138310525,-43.1647996278784,Before
-22.895654919894444,-43.176993549427586,Before
-22.912906652709914,-43.201970916030525,Before
-22.887650672410782,-43.15510642646867,Before
-22.927354888070564,-43.16633854931613,Before
-22.90668589687748,-43.18596827175862,Before
-22.860041872921276,-43.177950808043086,Before
-22.902784564632746,-43.199912049250074,Before
-22.88100213888109,-43.1913573823,Before
-22.905152636792884,-43.182580604234424,Before
-22.896346012284063,-43.150788425378956,Before
-22.907822097499068,-43.18441106103597,Before
-22.909867336460955,-43.16137615413208,Before
-22.92083068314106,-43.18258969165151,Before
-22.899054575538763,-43.168436943904666,Before
-22.922127669405345,-43.175445119038585,Before
-22.89481946574636,-43.15718498119833,Before
-22.887264833919975,-43.18252660408793,Before
-22.90020243466973,-43.201205508500045,Before
-22.911952477204004,-43.19777508256455,Before
-22.898628619572445,-43.18247379489097,Before
-22.912356114999834,-43.1953830794722,Before
-22.88996015174163,-43.16551618371777,Before
-22.939765309515874,-43.181283826967444,Before
-22.912840932626136,-43.13015708209952,Before
-22.942634615912233,-43.20417886271247,Before
-22.93371109494409,-43.16923460278322,Before
-22.88225047986335,-43.1932031544231,Before
-22.89068667032451,-43.18178122412689,Before
-22.919750644199127,-43.170354449479866,Before
-22.933845062208736,-43.214756684747734,Before
-22.96016151908115,-43.16863712989782,Before
-22.916582919142787,-43.138647665679066,Before
-22.86323252977955,-43.18106188937063,Before
-22.898972083113655,-43.1682234585775,Before
-22.916872301148892,-43.154451409523745,Before
-22.898428556228996,-43.17585116300049,Before
-22.9348972503539,-43.18335728339356,Before
-22.912151820528557,-43.21386325526699,Before
-22.905009405485718,-43.16136216705089,Before
-22.90834981173278,-43.174937031375116,Before
-22.89256548980958,-43.19112830932499,Before
-22.900596385927752,-43.170621259215,Before
-22.894770131674058,-43.18340624642251,Before
-22.919190701080154,-43.182411670360075,Before
-22.89063932264861,-43.16198675919004,Before
-22.877479134942767,-43.19699088340383,Before
-22.924262691353725,-43.15404832485067,Before
-22.92277852180286,-43.19805835093613,Before
-22.882755881946235,-43.18482862535039,Before
-22.910244191760512,-43.1382869685068,Before
-22.881531214942804,-43.15260761429043,Before
-22.91476564281406,-43.17114312813508,Before
-22.88060917962713,-43.18982954387902,Before
-22.9044332552975,-43.1824269015206,Before
-22.902151881180192,-43.17158104433746,Before
-22.878635075609942,-43.172224581817886,Before
-22.913311868593997,-43.174535676733264,Before
-22.92374019772665,-43.173454985253514,Before
-22.91487415574451,-43.17675875197469,Before
-22.898657988888424,-43.19885561724152,Before
-22.93498366329925,-43.182197193358896,Before
-22.89532552375228,-43.15643676702823,Before
-22.91649788371712,-43.197530017355916,Before
-22.886139372106797,-43.176311999207705,Before
-22.94989668548821,-43.18765557071787,Before
-22.920958183951875,-43.17089569227083,Before
-22.937156426722215,-43.1798953972592,Before
-22.92167213039455,-43.146306914030454,Before
-22.90234201378004,-43.16378150322458,Before
-22.910026079258095,-43.19651245698399,Before
-22.911360796241066,-43.16081789579095,Before
-22.90966532768484,-43.186843733412715,Before
-22.90313901166884,-43.1832859346848,Before
-22.924953648754975,-43.16725125763807,Before
-22.894076706463817,-43.181751453555144,Before
-22.89487201253306,-43.15682859530619,Before
-22.899869317122192,-43.18684118110724,Before
-22.896782398030478,-43.18404103794664,Before
-22.901464475985446,-43.184714676083864,Before
-22.87016868055084,-43.18308149747039,Before
-22.908367695078947,-43.15311455200014,Before
-22.912327497930022,-43.161581666715016,Before
-22.920363496446434,-43.14212100882778,Before
-22.9253807280704,-43.132082404329815,Before
-22.929200492176818,-43.19145290657478,Before
-22.922798351638157,-43.17163245570811,Before
-22.90807224686974,-43.19407160569958,Before
-22.90078268768704,-43.18689690669947,Before
-22.905879442946063,-43.1842414851846,Before
-22.920579634993736,-43.19192878773449,Before
-22.89059667784764,-43.19183397091217,Before
-22.89349057189858,-43.17549711881336,Before
-22.909673669533596,-43.194800931530956,Before
-22.918552490603965,-43.15774171473552,Before
-22.896928297425063,-43.18941956367351,Before
-22.90341647542525,-43.12232775853826,Before
-22.93286629066947,-43.18102492011736,Before
-22.90802364460772,-43.17160368244549,Before
-22.90208335538266,-43.196216141320384,Before
-22.92299450615678,-43.1421903483537,Before
-22.903382818928925,-43.15274898774555,Before
-22.93298680473464,-43.16755551432675,Before
-22.88274865019978,-43.19714244587803,Before
-22.88433690026893,-43.16910799620096,Before
-22.911345312017453,-43.19308575882831,Before
-22.900257821918895,-43.14657760525748,Before
-22.950178595384397,-43.15833449482664,Before
-22.927614257884777,-43.17118209730722,Before
-22.912088020562738,-43.216754761938454,Before
-22.926098394385683,-43.19060148761586,Before
-22.893940863312647,-43.1605202996312,Before
-22.870848662446537,-43.15106809354898,Before
-22.927979064949728,-43.15293494339314,Before
-22.921874341273533,-43.201556234040346,Before
-22.90256192937042,-43.167472058477365,Before
-22.877799909327006,-43.1546207261033,Before
-22.92880273762572,-43.202750040180476,Before
-22.902317349798476,-43.173042281276715,Before
-22.874016620685364,-43.16797083683045,Before
-22.93653166466723,-43.17831376252724,Before
-22.929859245723225,-43.20623891339722,Before
-22.914424918916296,-43.17876256598132,Before
-22.9161705914314,-43.17879149774459,Before
-22.892173176820435,-43.17556530328186,Before
-22.902450125043224,-43.18304248565765,Before
-22.938749317073558,-43.18087421875835,Before
-22.897522612747785,-43.173614713082245,Before
-22.917195699972403,-43.164935817110546,Before
-22.883859950095058,-43.17837968173142,Before
-22.918096575655866,-43.18027368071062,Before
-22.91825907509584,-43.17123762731142,Before
-22.89705963100552,-43.20747648666611,Before
-22.893067323317936,-43.16431336770992,Before
-22.89873421144915,-43.17291013574821,Before
-22.937140751712928,-43.17218551652124,Before
-22.897115380081292,-43.155606782463295,Before
-22.92541754493014,-43.20805067954087,Before
-22.90256502999141,-43.20842900965746,Before
-22.932427219837184,-43.16797153078417,Before
-22.898766201344227,-43.17302810339231,Before
-22.921318780277534,-43.16983681502254,Before
-22.929887423704688,-43.181218287353104,Before
-22.893951237543316,-43.16094163386368,Before
-22.90245039860982,-43.15611250082616,Before
-22.917851582425072,-43.164188318708874,Before
-22.88067878071762,-43.17759491225128,Before
-22.914731743588256,-43.21083840897706,Before
-22.906222061868522,-43.15905374825533,Before
-22.901959557941787,-43.15090888400808,Before
-22.917953986814315,-43.161297948584284,Before
-22.898319546718803,-43.188733563692615,Before
-22.916402142248966,-43.160771700913976,Before
-22.91420948979989,-43.157410465256696,Before
-22.88227243248354,-43.144841307539615,Before
-22.925530548945225,-43.1886699786361,Before
-22.950230045956733,-43.17697618252179,Before
-22.877803134089785,-43.15944910307942,Before
-22.860912096853074,-43.17186661871411,Before
-22.914094846778088,-43.19301189683692,Before
-22.941663084731164,-43.165436906869516,Before
-22.912388711571527,-43.16248409059133,Before
-22.91195201309713,-43.17131666786604,Before
-22.910218629138402,-43.16894747131076,Before
-22.926840984754595,-43.17755670623034,Before
-22.896367899435425,-43.14629097915711,Before
-22.89735886724485,-43.18911245930683,Before
-22.933699301156746,-43.18347177372975,Before
-22.89421445882949,-43.1727022607565,Before
-22.869851670324973,-43.15707882750138,Before
-22.903704714016133,-43.1998527170617,Before
-22.912871852917235,-43.19648534149577,Before
-22.909356057859338,-43.20957911313922,Before
-22.895725378194566,-43.17231148594544,Before
-22.93795208889913,-43.19302950470971,Before
-22.903840967346408,-43.17982190198032,Before
-22.91382835109033,-43.16099519258195,Before
-22.873539149766792,-43.18444776897409,Before
-22.90993510920849,-43.168736923590615,Before
-22.87677802299985,-43.17828808233953,Before
-22.926667332560076,-43.16080194232826,Before
-22.89622933499755,-43.164347694787736,Before
-22.90105079525176,-43.185354806531144,Before
-22.922442850461568,-43.175935731561204,Before
-22.903606869936535,-43.15411261884103,Before
-22.884974660937033,-43.16581921633542,Before
-22.91262825067716,-43.19804531703952,Before
-22.937255327685055,-43.16109887489891,Before
-22.907116130876595,-43.19242299120385,Before
-22.923043615706266,-43.1474747647407,Before
-22.91296213689595,-43.15446622088286,Before
-22.908268579854333,-43.16768206143347,Before
-22.93750173988828,-43.17006980881815,Before
-22.935881850107773,-43.17666258060849,Before
-22.898122796960543,-43.160686568874794,Before
-22.916208936531056,-43.17957400705031,Before
-22.95296539815277,-43.16865974232848,Before
-22.892672807341054,-43.157205181402645,Before
-22.901897344405064,-43.18301251778346,Before
-22.919649746832658,-43.18399146931983,Before
-22.93050294379905,-43.194398578653036,Before
-22.891755457866342,-43.19206050943027,Before
-22.900511688793912,-43.20581111560595,Before
-22.863913158911686,-43.15976308179772,Before
-22.899236605222953,-43.14033953824251,Before
-22.899821343457283,-43.14724407901753,Before
-22.909804702741955,-43.20216952079527,Before
-22.892098034390386,-43.15985261591199,Before
-22.895548466377534,-43.14730208570138,Before
-22.884268949845826,-43.18112257965329,Before
-22.916183812535472,-43.1710739462483,Before
-22.914637334512992,-43.209042074914485,Before
-22.915423857076416,-43.16809874897642,Before
-22.892565569018778,-43.19204407512982,Before
-22.879829260074658,-43.169306569677595,Before
-22.91505912887669,-43.2010016525994,Before
-22.914445927100275,-43.1631285519594,Before
-22.901146609970343,-43.15445877184232,Before
-22.911223707000232,-43.18699723751087,Before
-22.889663034243483,-43.19336460646539,Before
-22.94733199123114,-43.2117084147659,Before
-22.921680690844504,-43.17769544361335,Before
-22.920883494011306,-43.18336869081707,Before
-22.948566408222952,-43.20081834942226,Before
-22.92414549199864,-43.16474566238638,Before
-22.923272810085226,-43.180999466873565,Before
-22.91041988378134,-43.19226324725561,Before
-22.886766613950115,-43.182882303301525,Before
-22.911211091721434,-43.153616518299266,Before
-22.92535464696488,-43.16204713501241,Before
-22.907825181741845,-43.175240469106974,Before
-22.887914874814058,-43.16175610966763,Before
-22.92436725869007,-43.19379641521496,Before
-22.923190347910587,-43.172317338186915,Before
-22.896746118733063,-43.17024819805124,Before
-22.910787650083154,-43.18135705715297,Before
-22.89514527556723,-43.16506174995276,Before
-22.907045642252317,-43.186947802183596,Before
-22.89417005433439,-43.16372322726003,Before
-22.92543140605273,-43.162966542112436,Before
-22.907017523714188,-43.225408877852544,Before
-22.91059242025854,-43.151474497336814,Before
-22.928686036633874,-43.22775738617635,Before
-22.934942603061636,-43.18398888246001,Before
-22.894456517365057,-43.15444373538336,Before
-22.913117142879923,-43.17861116105454,Before
-22.925201045069652,-43.19929134768445,Before
-22.90853122086462,-43.1925872671109,Before
-22.886495660567714,-43.154415696566225,Before
-22.947853281216695,-43.20748708154987,Before
-22.93373949641826,-43.152578160182685,Before
-22.923411955954116,-43.17389183778276,Before
-22.880498780399034,-43.194363115947965,Before
-22.901713434307453,-43.183396071301445,Before
-22.8929882896717,-43.19121003813983,Before
-22.927322896544272,-43.15730794638454,Before
-22.92695164575487,-43.15971629942427,Before
-22.898739353098993,-43.20384490040977,Before
-22.905751062043162,-43.18016465813335,Before
-22.896922701260447,-43.188437341922196,Before
-22.91017807783671,-43.14961682056773,Before
-22.901793412923816,-43.19720178412627,Before
-22.90395385647171,-43.14402387611567,Before
-22.89280018699647,-43.1734993053113,Before
-22.892273850925,-43.19381481931484,Before
-22.935957695899052,-43.18509093531217,Before
-22.947250833996137,-43.18732913913383,Before
-22.888768582842275,-43.19584313123628,Before
-22.885420948321286,-43.171193116524854,Before
-22.92517121435124,-43.19500247991245,Before
-22.940277037317824,-43.21214659175729,Before
-22.90501737322187,-43.179734176475264,Before
-22.890044911925692,-43.20535141153552,Before
-22.874443298596184,-43.186438895625216,Before
-22.897506643702176,-43.18926385199486,Before
-22.913490900538545,-43.188581889296465,Before
-22.922876351188528,-43.136882664171374,Before
-22.90659387674993,-43.17188459179095,Before
-22.912186764669936,-43.16848332183808,Before
-22.92507122230312,-43.20487516933416,Before
-22.869922398284462,-43.184671336405465,Before
-22.874666968762703,-43.16902455266105,Before
-22.886351123696002,-43.19134152043243,Before
-22.923375307160565,-43.15655486881668,Before
-22.89140965216265,-43.194548538546215,Before
-22.895286724629038,-43.17805459044557,Before
-22.89883417876433,-43.18344892951956,Before
-22.88430602519321,-43.16994222813113,Before
-22.895363319428498,-43.184428821293395,Before
-22.89347974374652,-43.17777608528728,Before
-22.8953356868993,-43.177150341652,Before
-22.90066575465596,-43.186118979633044,Before
-22.938905000334856,-43.16416831036705,Before
-22.90529482060661,-43.168609009252926,Before
-22.916811455259285,-43.17449505101455,Before
-22.92983713723752,-43.180648250002314,Before
-22.876527300852587,-43.158562207450636,Before
-22.87567808386406,-43.17714501638866,Before
-22.88233402919468,-43.178420551180864,Before
-22.902206158496593,-43.171015579462015,Before
-22.88248874782285,-43.14236143970653,Before
-22.90658304274917,-43.19702641174438,Before
-22.90314964901584,-43.159042575925,Before
-22.926482484668316,-43.206977080902284,Before
-22.89965415651902,-43.168989083151885,Before
-22.905713053288363,-43.14454850910304,Before
-22.93024773810302,-43.16410396655959,Before
-22.9077215480127,-43.16982874858628,Before
-22.90823513214942,-43.18298809043846,Before
-22.874443899000397,-43.172341150391205,Before
-22.89070416008676,-43.17743713067726,Before
-22.906593982096354,-43.18704757894276,Before
-22.90232182842358,-43.178117761078546,Before
-22.906004177194124,-43.169329139108726,Before
-22.91045245172632,-43.18670990723355,Before
-22.92628368955299,-43.18741307277232,Before
-22.909518933796925,-43.19738438187666,Before
-22.920229768619745,-43.1658669495304,Before
-22.92930567970062,-43.16308418128459,Before
-22.897598007338146,-43.16873011200374,Before
-22.899757236121204,-43.15552693113088,Before
-22.938960735204628,-43.17131838253255,Before
-22.909008323474914,-43.165843803127416,Before
-22.888877375053802,-43.167430926338525,Before
-22.887733972699866,-43.17454772034952,Before
-22.888334936828066,-43.182454792906334,Before
-22.906099562275774,-43.13304525291574,Before
-22.922010815903445,-43.181035117637364,Before
-22.926306578892447,-43.18488579880017,Before
-22.900597111714493,-43.1650878231779,Before
-22.899972959381426,-43.16836662052469,Before
-22.88362803999111,-43.19818624785698,Before
-22.887000366293844,-43.15269179141785,Before
-22.909180115817563,-43.17459550235631,Before
-22.929195705819495,-43.19289675971388,Before
-22.912543918746195,-43.15150188594163,Before
-22.90288983849341,-43.16163783971127,Before
-22.91043749841701,-43.19566175585506,Before
-22.9172020939454,-43.14091070887536,Before
-22.902248073330544,-43.16104164736941,Before
-22.915871239345392,-43.17308353008125,Before
-22.918105189507056,-43.14427606149881,Before
-22.901193848982537,-43.17003263989106,Before
-22.914035866442326,-43.17340549535187,Before
-22.90240612099839,-43.184785402088394,Before
-22.901882327588662,-43.162426692092474,Before
-22.92730972201965,-43.164321146588165,Before
-22.915462340229578,-43.172635757481984,Before
-22.880920015081504,-43.18711975436962,Before
-22.92771743122922,-43.17056126262501,Before
-22.94489978008147,-43.174156378143714,Before
-22.940313212758365,-43.196902537737216,Before
-22.90627602096162,-43.199392622323835,Before
-22.90624348899541,-43.16272723918142,Before
-22.908916995397654,-43.21973398967093,Before
-22.88494458307929,-43.169202610514695,Before
-22.954911019795855,-43.181505495039566,Before
-22.899673190260245,-43.14935156107616,Before
-22.878694112367537,-43.181782427764766,Before
-22.92710005376805,-43.16102928414347,Before
-22.91363651721222,-43.18004444914228,Before
-22.920352054510115,-43.170852533237245,Before
-22.922898228829396,-43.159636942443434,Before
-22.912672716090416,-43.181226002893844,Before
-22.88110526489368,-43.154962012079025,Before
-22.873727039841224,-43.19078656178792,Before
-22.912846906050724,-43.16759732883395,Before
-22.872508916146842,-43.15629248498982,Before
-22.906159623414275,-43.16101932514777,Before
-22.87523356151938,-43.13840399221876,Before
-22.908479375693762,-43.18664190771159,Before
-22.90444095913117,-43.197724686524275,Before
-22.90022145949243,-43.19079803195291,Before
-22.849580633771385,-43.16101203380212,Before
-22.891476859652794,-43.16393738718315,Before
-22.91953076153913,-43.171059380126344,Before
-22.889358038335036,-43.19311322688392,Before
-22.91331298566752,-43.15909638872007,Before
-22.915615503292223,-43.19494468599771,Before
-22.890445175521943,-43.152038907517216,Before
-22.90624045942012,-43.12146610838348,Before
-22.90178563353879,-43.16630387936171,Before
-22.906548266006425,-43.162404053558156,Before
-22.900741503721104,-43.181771475840115,Before
-22.89915061384615,-43.20548383977956,Before
-22.941665404788697,-43.18374894853454,Before
-22.89480169196503,-43.192572114339775,Before
-22.924476349556947,-43.19894608237547,Before
-22.93276138444007,-43.14189752104408,Before
-22.907851402389458,-43.16798847467553,Before
-22.90528834194034,-43.166065623548945,Before
-22.9192831109623,-43.17846240257353,Before
-22.891841426561978,-43.17601167948398,Before
-22.930959152994678,-43.15553808771969,Before
-22.914124987477905,-43.173482068136515,Before
-22.917327734428795,-43.16334750911555,Before
-22.90763857086611,-43.17642807736121,Before
-22.90178044287635,-43.17905875203318,Before
-22.924942073093224,-43.19822445498083,Before
-22.893762911805787,-43.20849948312261,Before
-22.905665957369976,-43.1776081142192,Before
-22.940855032559615,-43.17188305954412,Before
-22.942054645927147,-43.196050340660754,Before
-22.90702174727273,-43.173520547570625,Before
-22.910777411720154,-43.17193245386617,Before
-22.908661562044344,-43.21170814410907,Before
-22.907303684217545,-43.18937224387063,Before
-22.902739922888816,-43.16556924991276,Before
-22.889742307022733,-43.165932942870874,Before
-22.926799888216518,-43.1936661484952,Before
-22.927895488672213,-43.170047935091006,Before
-22.926479829441973,-43.15449666994351,Before
-22.901599499990965,-43.15891268673816,Before
-22.884390947184365,-43.174615144166246,Before
-22.91456410988831,-43.18132357363984,Before
-22.951830597194874,-43.18422820071802,Before
-22.937471871526988,-43.16447924390762,Before
-22.921794661010328,-43.169388128483426,Before
-22.916839119974913,-43.16157072789016,Before
-22.914150995290587,-43.17052627136382,Before
-22.906105539786346,-43.158162248893746,Before
-22.912411433954805,-43.17119733440676,Before
-22.88791188701022,-43.158775603109625,Before
-22.918968311502265,-43.157225190133396,Before
-22.92232172327056,-43.18738147934405,Before
-22.898180240306633,-43.20544659284367,Before
-22.93444155725867,-43.145117128591735,Before
-22.89978554930424,-43.16828014284718,Before
-22.90495404269293,-43.20376074611893,Before
-22.90945396481853,-43.185748750949934,Before
-22.878211030071313,-43.15900626273734,Before
-22.917999734015304,-43.17793418296039,Before
-22.869714632930567,-43.18211710554774,Before
-22.910857766086107,-43.14768412651436,Before
-22.929786296009464,-43.19175116863491,Before
-22.905541447542095,-43.187266760439584,Before
-22.926172413605737,-43.16909504344913,Before
-22.920331605260643,-43.16587181122303,Before
-22.89965340059972,-43.163965825381865,Before
-22.896799522404297,-43.15649771519776,Before
-22.917999018604576,-43.16932558482773,Before
-22.889026707389164,-43.16409108909911,Before
-22.88596486035562,-43.17756576666767,Before
-22.880946568381862,-43.17177143054174,Before
-22.89727055867174,-43.17096438475903,Before
-22.88225828318246,-43.16902823355525,Before
-22.940654371703534,-43.15899428346351,Before
-22.912522317875315,-43.16290737772499,Before
-22.922406094613823,-43.172104093947794,Before
-22.904653934499706,-43.187464267728934,Before
-22.91708608594554,-43.17168191735487,Before
-22.909790841155097,-43.17340432012812,Before
-22.872920852156327,-43.16942273156336,Before
-22.90985495633557,-43.133182544471474,Before
-22.899351738290576,-43.18232791001374,Before
-22.910980847938635,-43.165298797655744,Before
-22.905437160816778,-43.1536676827896,Before
-22.90669169975215,-43.171135965546206,Before
-22.898730166812484,-43.1308187878549,Before
-22.88582446436015,-43.17970470725116,Before
-22.87714690804314,-43.16706639399824,Before
-22.901226838525634,-43.18727850340807,Before
-22.89618815605136,-43.17922744523258,Before
-22.92751556116534,-43.168419189612855,Before
-22.90838178136348,-43.15766652687846,Before
-22.889874789632096,-43.16715629298758,Before
-22.891212564508493,-43.15023593271197,Before
-22.90299102480969,-43.17460937559067,Before
-22.89084490872778,-43.1788790335371,Before
-22.897966199238112,-43.12422826806897,Before
-22.88519448735133,-43.165803722310045,Before
-22.901591535174774,-43.185850667827616,Before
-22.91320256968028,-43.18539674772046,Before
-22.900754857375205,-43.189868238461564,Before
-22.95955069876535,-43.15604175159458,Before
-22.89990805674507,-43.179458791272076,Before
-22.972471430853865,-43.17060747543818,Before
-22.9378223413333,-43.17404315613989,Before
-22.898668165183064,-43.15973313665706,Before
-22.898204471929198,-43.18814139367191,Before
-22.927723718042518,-43.192260301150576,Before
-22.919617836753822,-43.16886264847073,Before
-22.882130262204946,-43.1620827328754,Before
-22.915512542368308,-43.16691441836424,Before
-22.866427434376746,-43.18747016712375,Before
-22.906834557357175,-43.16070527284236,Before
-22.899455348816137,-43.18628949668772,Before
-22.877696260827026,-43.182287695606156,Before
-22.90444151190852,-43.189891163445,Before
-22.924842191652434,-43.149479149724264,Before
-22.908775094130498,-43.16149841226151,Before
-22.907440993251424,-43.16201011923778,Before
-22.93136534973963,-43.150450194419435,Before
-22.911404977284135,-43.1222723135317,Before
-22.920159457691955,-43.20366606987038,Before
-22.890161560370625,-43.18619077845579,Before
-22.906176986264665,-43.18399115151514,Before
-22.911890323484656,-43.188214753202885,Before
-22.908711274751205,-43.19229649845686,Before
-22.90278380366869,-43.17829375515299,Before
-22.895697344405583,-43.19479886687521,Before
-22.92479482011605,-43.166869237384326,Before
-22.925548577387183,-43.17196943021428,Before
-22.886915774122755,-43.16424148403425,Before
-22.914222063699686,-43.16376088787051,Before
-22.932303157666745,-43.16204587663832,Before
-22.898811371231105,-43.179621360862825,Before
-22.898459343491414,-43.134719418752596,Before
-22.934352874630623,-43.168680239903324,Before
-22.902669329121654,-43.206424725547244,Before
-22.893559504336288,-43.19094276342379,Before
-22.90006104386929,-43.2042290538025,Before
-22.895424333292297,-43.172587976675274,Before
-22.932076843765635,-43.17509249403296,Before
-22.90084127721007,-43.18133166256219,Before
-22.912247155670467,-43.13670332997679,Before
-22.915490222857045,-43.163018308266615,Before
-22.891129999030447,-43.15983022949396,Before
-22.880173058807863,-43.18965932278296,Before
-22.874501339017193,-43.19088460804396,Before
-22.883133458312894,-43.172237501016255,Before
-22.908775215269344,-43.16978587148626,Before
-22.900451037065526,-43.206313608208056,Before
-22.892997188307884,-43.17614552641129,Before
-22.90461879691261,-43.172646702508274,Before
-22.904446244617592,-43.17677268498388,Before
-22.89197244362623,-43.18754102742224,Before
-22.907867087628468,-43.182611633274576,Before
-22.919927164854727,-43.17608346548431,Before
-22.914260515185045,-43.171265599575015,Before
-22.895389613200795,-43.16201375151409,Before
-22.906746120758402,-43.15344458831088,Before
-22.900676220416372,-43.17819825902349,Before
-22.89473857364036,-43.181110811530075,Before
-22.913547146332157,-43.16502219787638,Before
-22.893187533054665,-43.161904791504604,Before
-22.89998083313775,-43.18071560779866,Before
-22.92902663556441,-43.158672917414606,Before
-22.880838513758647,-43.15526746385919,Before
-22.915813405387624,-43.14964964361814,Before
-22.936591716177333,-43.140890223679044,Before
-22.925610786772555,-43.18849549049587,Before
-22.92517881289221,-43.17264983223201,Before
-22.905860880264164,-43.17269700146086,Before
-22.911729309099833,-43.17466532423359,Before
-22.912862975417532,-43.18458673255298,Before
-22.895645364621316,-43.199640116058156,Before
-22.900682243498533,-43.17123176997148,Before
-22.901111138328403,-43.18673040187186,Before
-22.899423087768085,-43.171352117346544,Before
-22.89570957597596,-43.187192783750575,Before
-22.944743160151994,-43.1926938502252,Before
-22.91335988854076,-43.168682629513214,Before
-22.94604378116081,-43.17018341251748,Before
-22.90615092131764,-43.16247292451622,Before
-22.90688339350004,-43.13355445220448,Before
-22.887980419053786,-43.167908788438204,Before
-22.88542258093102,-43.164168528192846,Before
-22.903150049131458,-43.19229610391961,Before
-22.915806499393145,-43.196064333929655,Before
-22.898067099974178,-43.14440906995808,Before
-22.916302517471838,-43.189522636038795,Before
-22.90682506772598,-43.191690993286436,Before
-22.889049546294707,-43.1736037805819,Before
-22.91683988422781,-43.17452346344079,Before
-22.892297784493636,-43.18914511711598,Before
-22.89460677536354,-43.178389517936836,Before
-22.923986252708357,-43.150771237082296,Before
-22.88926990569209,-43.18740788495897,Before
-22.894225805783314,-43.19798610471859,Before
-22.904965334027292,-43.155933314823805,Before
-22.9205218222445,-43.16403865558512,Before
-22.92226570833436,-43.18406933517167,Before
-22.916477926384253,-43.20137900629028,Before
-22.897033299660745,-43.186303220415894,Before
-22.924001253013227,-43.173884679863285,Before
-22.898924779524844,-43.15191790238209,Before
-22.929151599519813,-43.19155847554765,Before
-22.9104732345199,-43.1744213578672,Before
-22.904826340417667,-43.16074739612189,Before
-22.86278765738894,-43.21576281212219,Before
-22.931591681799368,-43.154291848977095,Before
-22.880303737803178,-43.194184110299716,Before
-22.90410283654823,-43.16692408111777,Before
-22.899398905475714,-43.16845970330701,Before
-22.90466973755901,-43.15337744495365,Before
-22.898794917272486,-43.162983361143915,Before
-22.909566331878516,-43.215691228851135,Before
-22.880627096733765,-43.187026026448805,Before
-22.915016480596044,-43.17041230767164,Before
-22.886419777700773,-43.17640963795016,Before
-22.918398608163834,-43.16430300686438,Before
-22.907884533235222,-43.15869140199794,Before
-22.926095325941226,-43.161947868744264,Before
-22.898609573033745,-43.17675694896598,Before
-22.880787732775325,-43.206134066200164,Before
-22.908192411236776,-43.181098662479386,Before
-22.91034394257667,-43.1654053733335,Before
-22.926863105335222,-43.19252805054591,Before
-22.91092726776394,-43.16153705485781,Before
-22.93547029667499,-43.156548920649186,Before
-22.923231803760938,-43.17061639442667,Before
-22.902717851170035,-43.228048037593624,Before
-22.883057762440654,-43.19590559052881,Before
-22.85623420449787,-43.13894859514599,Before
-22.917358531531278,-43.182737680274506,Before
-22.880964597180384,-43.20861457801632,Before
-22.90241245535277,-43.15066554701041,Before
-22.909522457641437,-43.172659599352215,Before
-22.89901329986893,-43.15301107119876,Before
-22.90568550329376,-43.16791474384605,Before
-22.90481287693898,-43.16464593554818,Before
-22.91414999693088,-43.166365833541136,Before
-22.93196597387638,-43.16034521038542,Before
-22.9345852536454,-43.13190625192599,Before
-22.895041592100938,-43.155421885952734,Before
-22.911780601621544,-43.20134610772122,Before
-22.917529600193813,-43.16486009272498,Before
-22.906646898718982,-43.15235334617414,Before
-22.892491219447518,-43.15125138548235,Before
-22.903553449025527,-43.18057888969506,Before
-22.91860898885954,-43.15193099998661,Before
-22.88472672679832,-43.15620063680808,Before
-22.87837466094633,-43.126594686134545,Before
-22.89789798020419,-43.186400031252475,Before
-22.889274056795806,-43.18203321037521,Before
-22.884444720057353,-43.17841014287228,Before
-22.88645821230472,-43.1817239987007,Before
-22.89574621481197,-43.18892037349574,Before
-22.896029753152654,-43.22262815910213,Before
-22.897446109679763,-43.180724590527014,Before
-22.926552078141846,-43.1662515549254,Before
-22.894186983176528,-43.18177799321911,Before
-22.93120465148028,-43.138063138696474,Before
-22.92110279019225,-43.172659235371114,Before
-22.883335828779455,-43.14966147700668,Before
-22.891676037071505,-43.16819443257086,Before
-22.880026830785656,-43.15802466842192,Before
-22.911690138906373,-43.16787365202919,Before
-22.927540479142984,-43.14826187662573,Before
-22.91112786954727,-43.17189309169761,Before
-22.90496343664967,-43.1639698272544,Before
-22.90537820310588,-43.1663060071943,Before
-22.88639375138238,-43.17808913824629,Before
-22.913302867650064,-43.165610318259354,Before
-22.90046337950755,-43.13268104756844,Before
-22.924595288689822,-43.17776714495772,Before
-22.898694288995213,-43.16534963192864,Before
-22.90674404609666,-43.15025997888435,Before
-22.920296640089123,-43.152375440943004,Before
-22.911044928519146,-43.17268910448105,Before
-22.910115163437275,-43.21580099665323,Before
-22.91166279232807,-43.163599349264324,Before
-22.87491585763918,-43.21285053665521,Before
-22.908572028041544,-43.146441129843055,Before
-22.911190129983193,-43.16984947031852,Before
-22.944554117236983,-43.154905867642306,Before
-22.922895732335633,-43.189138000487254,Before
-22.911535321640216,-43.2008451345194,Before
-22.91914534817118,-43.16820642108546,Before
-22.8819292633192,-43.173504861919206,Before
-22.90976887995713,-43.181747734870825,Before
-22.883608003512272,-43.17137609694681,Before
-22.905689316587093,-43.12308615394342,Before
-22.90612989894441,-43.15787854014736,Before
-22.908398336058827,-43.15400902509446,Before
-22.906731667470815,-43.15770913595204,Before
-22.875861689945104,-43.14626968141066,Before
-22.948552993081524,-43.17632129011221,Before
-22.942827823399895,-43.209885703538156,Before
-22.91657707495901,-43.176294550394104,Before
-22.906538498125123,-43.15828875722006,Before
-22.894378120354247,-43.19035640711207,Before
-22.898284430435506,-43.17607458710881,Before
-22.91371642643185,-43.18535185537404,Before
-22.888457213521647,-43.145863473466825,Before
-22.88825648274325,-43.15940977372268,Before
-22.903486959037114,-43.16117226882841,Before
-22.88947216369524,-43.16171117636382,Before
-22.901892385258222,-43.173570486545934,Before
-22.916906694482094,-43.169343986914505,Before
-22.894239296898,-43.19423332244958,Before
-22.904808963793585,-43.21225595561751,Before
-22.90677588275842,-43.17019853965379,Before
-22.880286835700588,-43.1670681753871,Before
-22.95091569831372,-43.15113323776834,Before
-22.932318315062872,-43.14461595531051,Before
-22.928167267674738,-43.144640027270015,Before
-22.91333869165624,-43.19086442467929,Before
-22.911382947055788,-43.17924077062909,Before
-22.933931861659914,-43.16425398267413,Before
-22.924532844581595,-43.12732571580064,Before
-22.922295150213426,-43.146258214333145,Before
-22.862566366342634,-43.15275085108403,Before
-22.874368644940553,-43.179880183199884,Before
-22.914211489518323,-43.18879759336079,Before
-22.913344499225524,-43.1586996580991,Before
-22.92748567194939,-43.192711902756216,Before
-22.941146347438057,-43.17719185431764,Before
-22.908903843355354,-43.174966003082034,Before
-22.924761335698392,-43.144227582395786,Before
-22.908327309569916,-43.17928455145327,Before
-22.935603705282784,-43.2168064934943,Before
-22.920515540249585,-43.16381999634208,Before
-22.90412471228455,-43.18548239335587,Before
-22.90020822723989,-43.17213264156012,Before
-22.899285504742643,-43.174460684615156,Before
-22.930568801714827,-43.17782667192472,Before
-22.89141565685756,-43.158673869527874,Before
-22.921203810538834,-43.200491567810346,Before
-22.89540855753707,-43.18220625604918,Before
-22.906991496179128,-43.16058731756389,Before
-22.931574974983402,-43.1839535259562,Before
-22.91249155868246,-43.201858520766855,Before
-22.90022345264285,-43.160866003821376,Before
-22.89576662315146,-43.15268429665205,Before
-22.909337782154,-43.173709913737575,Before
-22.87922797996918,-43.20819522077245,Before
-22.888664806122243,-43.16019254455942,Before
-22.911419774095197,-43.20277798186555,Before
-22.893297807381536,-43.16734161301673,Before
-22.871991717266614,-43.18887434884536,Before
-22.871511277185906,-43.1937771071438,Before
-22.928903997854807,-43.18085438030743,Before
-22.92347759600083,-43.17619935601569,Before
-22.880071461838792,-43.184495748506954,Before
-22.925849058915077,-43.162303340992125,Before
